{"cameraMode":{"drawMode":0,"name":"Shaded","section":"Shading Mode"},"sceneLighting":true,"audioPlay":false,"sceneViewState":{"showFog":true,"showMaterialUpdate":false,"showSkybox":true,"showFlares":true,"showImageEffects":true,"showParticleSystems":true},"in2DMode":false,"pivot":{"x":2.6802120208740236,"y":-2.6455326080322267,"z":6.605962753295898},"rotation":{"x":-0.08901328593492508,"y":0.9031740427017212,"z":-0.3527105450630188,"w":-0.22792468965053559},"size":47.773193359375,"orthographic":false}